street_name,area,district
ANG MO KIO AVE 4,ANG MO KIO,D20
ANG MO KIO ST 44,ANG MO KIO,D20
ANG MO KIO AVE 9,ANG MO KIO,D20
ANG MO KIO ST 61,ANG MO KIO,D20
ANG MO KIO ST 32,ANG MO KIO,D20
ANG MO KIO AVE 2,ANG MO KIO,D20
ANG MO KIO ST 52,ANG MO KIO,D20
ANG MO KIO ST 31,ANG MO KIO,D20
ANG MO KIO ST 21,ANG MO KIO,D20
ANG MO KIO AVE 8,ANG MO KIO,D20
ANG MO KIO AVE 3,ANG MO KIO,D20
ANG MO KIO ST 51,ANG MO KIO,D20
ANG MO KIO AVE 10,ANG MO KIO,D20
ANG MO KIO ST 11,ANG MO KIO,D20
ANG MO KIO AVE 1,ANG MO KIO,D20
ANG MO KIO AVE 6,ANG MO KIO,D20
BEDOK NTH AVE 1,BEDOK,D16
CHAI CHEE AVE,BEDOK,D16
JLN DAMAI,BEDOK,D16
CHAI CHEE ST,BEDOK,D16
NEW MKT RD,BEDOK,D16
BEDOK CTRL,BEDOK,D16
BUANGKOK STH FARMWAY 1,BEDOK,D16
BEDOK NTH AVE 2,BEDOK,D16
NEW UPP CHANGI RD,BEDOK,D16
BEDOK RESERVOIR VIEW,BEDOK,D16
BEDOK STH AVE 2,BEDOK,D16
BEDOK RESERVOIR CRES,BEDOK,D16
BEDOK STH RD,BEDOK,D16
BEDOK NTH AVE 3,BEDOK,D16
BEDOK NTH ST 2,BEDOK,D16
JLN TENAGA,BEDOK,D16
BEDOK NTH ST 3,BEDOK,D16
CHAI CHEE RD,BEDOK,D16
BEDOK NTH ST 4,BEDOK,D16
CHAI CHEE DR,BEDOK,D16
BEDOK STH AVE 3,BEDOK,D16
JLN TIGA,BEDOK,D16
LENGKONG TIGA,BEDOK,D16
BEDOK STH AVE 1,BEDOK,D16
BEDOK NTH AVE 4,BEDOK,D16
EAST COAST RD,BEDOK,D16
BEDOK NTH RD,BEDOK,D16
BEDOK RESERVOIR RD,BEDOK,D16
BEDOK NTH ST 1,BEDOK,D16
SIN MING AVE,BISHAN,D20
BISHAN ST 24,BISHAN,D20
BISHAN ST 23,BISHAN,D20
BISHAN ST 12,BISHAN,D20
BISHAN ST 22,BISHAN,D20
SIN MING RD,BISHAN,D20
BISHAN ST 11,BISHAN,D20
BISHAN ST 13,BISHAN,D20
BRIGHT HILL DR,BISHAN,D20
SHUNFU RD,BISHAN,D20
BT BATOK ST 41,BUKIT BATOK,D23
BT BATOK WEST AVE 5,BUKIT BATOK,D23
BT BATOK WEST AVE 8,BUKIT BATOK,D23
BT BATOK ST 52,BUKIT BATOK,D23
BT BATOK EAST AVE 4,BUKIT BATOK,D23
BT BATOK CTRL,BUKIT BATOK,D23
BT BATOK WEST AVE 6,BUKIT BATOK,D23
BT BATOK ST 32,BUKIT BATOK,D23
BT BATOK WEST AVE 2,BUKIT BATOK,D23
BT BATOK ST 33,BUKIT BATOK,D23
HILLVIEW AVE,BUKIT BATOK,D23
BT BATOK ST 51,BUKIT BATOK,D23
BT BATOK ST 11,BUKIT BATOK,D23
BT BATOK ST 25,BUKIT BATOK,D23
BT BATOK WEST AVE 7,BUKIT BATOK,D23
BT BATOK ST 22,BUKIT BATOK,D23
BT BATOK ST 34,BUKIT BATOK,D23
BT BATOK ST 21,BUKIT BATOK,D23
BT BATOK EAST AVE 5,BUKIT BATOK,D23
BT BATOK WEST AVE 9,BUKIT BATOK,D23
BT BATOK ST 31,BUKIT BATOK,D23
BT BATOK EAST AVE 6,BUKIT BATOK,D23
BT BATOK WEST AVE 4,BUKIT BATOK,D23
BT BATOK EAST AVE 3,BUKIT BATOK,D23
BT BATOK ST 24,BUKIT BATOK,D23
INDUS RD,BUKIT MERAH,D3
BT MERAH LANE 1,BUKIT MERAH,D3
HOY FATT RD,BUKIT MERAH,D3
LIM LIAK ST,BUKIT MERAH,D3
KIM CHENG ST,BUKIT MERAH,D3
TIONG BAHRU RD,BUKIT MERAH,D3
BEO CRES,BUKIT MERAH,D3
HENDERSON CRES,BUKIT MERAH,D3
DEPOT RD,TELOK BLANGAH,D4
TELOK BLANGAH WAY,TELOK BLANGAH,D4
JLN KLINIK,BUKIT MERAH,D3
CANTONMENT CL,TANJONG PAGAR,D2
TELOK BLANGAH RISE,TELOK BLANGAH,D4
BOON TIONG RD,BUKIT MERAH,D3
JLN RUMAH TINGGI,BUKIT MERAH,D3
MOH GUAN TER,BUKIT MERAH,D3
JLN BT MERAH,BUKIT MERAH,D3
TELOK BLANGAH CRES,TELOK BLANGAH,D4
ZION RD,TANGLIN,D10
TELOK BLANGAH HTS,TELOK BLANGAH,D4
BT MERAH CTRL,BUKIT MERAH,D3
TELOK BLANGAH ST 31,TELOK BLANGAH,D4
EVERTON PK,TANJONG PAGAR,D2
SILAT AVE,BUKIT MERAH,D3
KIM TIAN RD,BUKIT MERAH,D3
LOWER DELTA RD,BUKIT MERAH,D3
REDHILL LANE,BUKIT MERAH,D3
LENGKOK BAHRU,BUKIT MERAH,D3
SENG POH RD,BUKIT MERAH,D3
REDHILL RD,BUKIT MERAH,D3
TELOK BLANGAH DR,TELOK BLANGAH,D4
TAMAN HO SWEE,BUKIT MERAH,D3
KIM PONG RD,BUKIT MERAH,D3
BT PURMEI RD,TELOK BLANGAH,D4
REDHILL CL,BUKIT MERAH,D3
HENDERSON RD,BUKIT MERAH,D3
ALEXANDRA RD,BUKIT MERAH,D3
KIM TIAN PL,BUKIT MERAH,D3
CANTONMENT RD,TANJONG PAGAR,D2
SPOTTISWOODE PK RD,TANJONG PAGAR,D2
BT MERAH VIEW,BUKIT MERAH,D3
JLN MEMBINA,BUKIT MERAH,D3
JLN BT HO SWEE,BUKIT MERAH,D3
DELTA AVE,BUKIT MERAH,D3
JLN MEMBINA BARAT,BUKIT MERAH,D3
FAJAR RD,BUKIT PANJANG,D23
PETIR RD,BUKIT PANJANG,D23
GANGSA RD,BUKIT PANJANG,D23
JELAPANG RD,BUKIT PANJANG,D23
SAUJANA RD,BUKIT PANJANG,D23
JELEBU RD,BUKIT PANJANG,D23
BT PANJANG RING RD,BUKIT PANJANG,D23
SEGAR RD,BUKIT PANJANG,D23
SENJA RD,BUKIT PANJANG,D23
PENDING RD,BUKIT PANJANG,D23
LOMPANG RD,BUKIT PANJANG,D23
CASHEW RD,BUKIT PANJANG,D23
BANGKIT RD,BUKIT PANJANG,D23
SENJA LINK,BUKIT PANJANG,D23
TOH YI DR,BUKIT TIMAH,D10
QUEEN'S RD,BUKIT TIMAH,D10
EMPRESS RD,BUKIT TIMAH,D10
CHANGI VILLAGE RD,CHANGI,D17
CHOA CHU KANG NTH 6,CHOA CHU KANG,D23
CHOA CHU KANG ST 52,CHOA CHU KANG,D23
CHOA CHU KANG ST 62,CHOA CHU KANG,D23
TECK WHYE AVE,CHOA CHU KANG,D23
JLN TECK WHYE,CHOA CHU KANG,D23
CHOA CHU KANG AVE 4,CHOA CHU KANG,D23
CHOA CHU KANG ST 64,CHOA CHU KANG,D23
CHOA CHU KANG DR,CHOA CHU KANG,D23
CHOA CHU KANG CRES,CHOA CHU KANG,D23
CHOA CHU KANG CTRL,CHOA CHU KANG,D23
CHOA CHU KANG LOOP,CHOA CHU KANG,D23
CHOA CHU KANG AVE 2,CHOA CHU KANG,D23
CHOA CHU KANG AVE 5,CHOA CHU KANG,D23
CHOA CHU KANG ST 51,CHOA CHU KANG,D23
TECK WHYE CRES,CHOA CHU KANG,D23
CHOA CHU KANG ST 54,CHOA CHU KANG,D23
CHOA CHU KANG AVE 7,CHOA CHU KANG,D23
KEAT HONG LINK,CHOA CHU KANG,D23
TECK WHYE LANE,CHOA CHU KANG,D23
CHOA CHU KANG NTH 7,CHOA CHU KANG,D23
CHOA CHU KANG AVE 3,CHOA CHU KANG,D23
KEAT HONG CL,CHOA CHU KANG,D23
CHOA CHU KANG ST 53,CHOA CHU KANG,D23
CHOA CHU KANG NTH 5,CHOA CHU KANG,D23
CHOA CHU KANG AVE 1,CHOA CHU KANG,D23
CLEMENTI AVE 3,CLEMENTI,D5
CLEMENTI ST 11,CLEMENTI,D5
CLEMENTI AVE 6,CLEMENTI,D5
C'WEALTH AVE,CLEMENTI,D5
CLEMENTI WEST ST 2,CLEMENTI,D5
CLEMENTI WEST ST 1,CLEMENTI,D5
CLEMENTI ST 14,CLEMENTI,D5
CLEMENTI AVE 5,CLEMENTI,D5
C'WEALTH AVE WEST,CLEMENTI,D5
CLEMENTI AVE 1,CLEMENTI,D5
CLEMENTI ST 12,CLEMENTI,D5
CLEMENTI AVE 4,CLEMENTI,D5
CLEMENTI ST 13,CLEMENTI,D5
CLEMENTI AVE 2,CLEMENTI,D5
WEST COAST DR,CLEMENTI,D5
BAIN ST,DOWNTOWN CORE,D7
BEACH RD,DOWNTOWN CORE,D7
PIPIT RD,GEYLANG,D14
PAYA LEBAR WAY,GEYLANG,D14
DAKOTA CRES,GEYLANG,D14
SIMS AVE,GEYLANG,D14
ALJUNIED AVE 2,GEYLANG,D14
ALJUNIED RD,GEYLANG,D14
GEYLANG EAST AVE 2,GEYLANG,D14
EUNOS CRES,GEYLANG,D14
CIRCUIT RD,GEYLANG,D14
EUNOS RD 5,GEYLANG,D14
OLD AIRPORT RD,GEYLANG,D14
NILE RD,GEYLANG,D14
GEYLANG EAST CTRL,GEYLANG,D14
PINE CL,GEYLANG,D14
ALJUNIED CRES,GEYLANG,D14
JLN DUA,GEYLANG,D14
CASSIA CRES,GEYLANG,D14
UBI AVE 1,GEYLANG,D14
BALAM RD,GEYLANG,D14
MACPHERSON LANE,GEYLANG,D14
GEYLANG SERAI,GEYLANG,D14
SIMS DR,GEYLANG,D14
SIMS PL,GEYLANG,D14
GEYLANG EAST AVE 1,GEYLANG,D14
HOUGANG AVE 5,HOUGANG,D19
HOUGANG AVE 9,HOUGANG,D19
HOUGANG ST 51,HOUGANG,D19
BUANGKOK GREEN,HOUGANG,D19
HOUGANG ST 21,HOUGANG,D19
HOUGANG AVE 6,HOUGANG,D19
HOUGANG CTRL,HOUGANG,D19
HOUGANG ST 91,HOUGANG,D19
HOUGANG ST 92,HOUGANG,D19
HOUGANG ST 11,HOUGANG,D19
HOUGANG ST 31,HOUGANG,D19
UPP SERANGOON CRES,HOUGANG,D19
HOUGANG AVE 4,HOUGANG,D19
HOUGANG AVE 10,HOUGANG,D19
HOUGANG ST 52,HOUGANG,D19
UPP SERANGOON RD,HOUGANG,D19
HOUGANG AVE 2,HOUGANG,D19
LOR AH SOO,HOUGANG,D19
BUANGKOK CRES,HOUGANG,D19
HOUGANG AVE 7,HOUGANG,D19
HOUGANG ST 32,HOUGANG,D19
HOUGANG ST 61,HOUGANG,D19
HOUGANG AVE 8,HOUGANG,D19
BUANGKOK LINK,HOUGANG,D19
UPP SERANGOON VIEW,HOUGANG,D19
HOUGANG AVE 1,HOUGANG,D19
HOUGANG AVE 3,HOUGANG,D19
HOUGANG ST 22,HOUGANG,D19
TEBAN GDNS RD,JURONG EAST,D22
JURONG EAST ST 13,JURONG EAST,D22
JURONG EAST ST 32,JURONG EAST,D22
TOH GUAN RD,JURONG EAST,D22
JURONG EAST ST 24,JURONG EAST,D22
JURONG EAST ST 21,JURONG EAST,D22
JURONG EAST ST 31,JURONG EAST,D22
YUAN CHING RD,JURONG EAST,D22
JURONG EAST AVE 1,JURONG EAST,D22
PANDAN GDNS,JURONG EAST,D22
JURONG WEST AVE 1,JURONG WEST,D22
JURONG WEST ST 93,JURONG WEST,D22
BOON LAY DR,JURONG WEST,D22
JURONG WEST CTRL 1,JURONG WEST,D22
JURONG WEST ST 71,JURONG WEST,D22
JURONG WEST ST 73,JURONG WEST,D22
TAH CHING RD,JURONG WEST,D22
JURONG WEST ST 52,JURONG WEST,D22
JURONG WEST ST 62,JURONG WEST,D22
JURONG WEST ST 81,JURONG WEST,D22
HO CHING RD,JURONG WEST,D22
YUNG SHENG RD,JURONG WEST,D22
JURONG WEST ST 92,JURONG WEST,D22
JURONG WEST AVE 3,JURONG WEST,D22
BOON LAY AVE,JURONG WEST,D22
CORPORATION DR,JURONG WEST,D22
JURONG WEST ST 75,JURONG WEST,D22
TAO CHING RD,JURONG WEST,D22
JURONG WEST ST 42,JURONG WEST,D22
JURONG WEST ST 51,JURONG WEST,D22
JURONG WEST ST 65,JURONG WEST,D22
JURONG WEST ST 24,JURONG WEST,D22
YUNG PING RD,JURONG WEST,D22
YUNG KUANG RD,JURONG WEST,D22
JURONG WEST ST 74,JURONG WEST,D22
JURONG WEST ST 72,JURONG WEST,D22
YUNG LOH RD,JURONG WEST,D22
JURONG WEST ST 91,JURONG WEST,D22
JURONG WEST ST 61,JURONG WEST,D22
HU CHING RD,JURONG WEST,D22
YUNG HO RD,JURONG WEST,D22
JURONG WEST ST 64,JURONG WEST,D22
KANG CHING RD,JURONG WEST,D22
JURONG WEST CTRL 3,JURONG WEST,D22
JURONG WEST ST 41,JURONG WEST,D22
JURONG WEST AVE 5,JURONG WEST,D22
YUNG AN RD,JURONG WEST,D22
BOON LAY PL,JURONG WEST,D22
JURONG WEST ST 25,JURONG WEST,D22
WHAMPOA WEST,KALLANG,D12
KG ARANG RD,KATONG,D15
GLOUCESTER RD,KALLANG,D12
JLN BATU,KATONG,D15
KG KAYU RD,KATONG,D15
OWEN RD,LITTLE INDIA,D8
CRAWFORD LANE,KALLANG,D12
UPP BOON KENG RD,KALLANG,D12
RACE COURSE RD,LITTLE INDIA,D8
BENDEMEER RD,KALLANG,D12
KG BAHRU HILL,BUKIT MERAH,D3
FRENCH RD,FARRER PARK,D8
TOWNER RD,BALESTIER,D12
JELLICOE RD,LITTLE INDIA,D8
MCNAIR RD,KALLANG,D12
TESSENSOHN RD,LITTLE INDIA,D8
DORSET RD,LITTLE INDIA,D8
BOON KENG RD,KALLANG,D12
FARRER PK RD,FARRER PARK,D8
KING GEORGE'S AVE,FARRER PARK,D8
LOR 3 GEYLANG,GEYLANG,D14
WHAMPOA STH,KALLANG,D12
ST. GEORGE'S RD,KALLANG,D12
CAMBRIDGE RD,LITTLE INDIA,D8
ST. GEORGE'S LANE,KALLANG,D12
KALLANG BAHRU,KALLANG,D12
GEYLANG BAHRU,KALLANG,D12
SEMBAWANG RD,MANDAI,D26
MARINE PARADE CTRL,MARINE PARADE,D15
JOO CHIAT RD,MARINE PARADE,D15
HAIG RD,MARINE PARADE,D15
MARINE DR,MARINE PARADE,D15
MARINE CRES,MARINE PARADE,D15
MARINE TER,MARINE PARADE,D15
JLN TENTERAM,NOVENA,D11
MOULMEIN RD,NOVENA,D11
JLN BAHAGIA,NOVENA,D11
JLN MA'MOR,NOVENA,D11
WHAMPOA RD,NOVENA,D11
LOR LIMAU,NOVENA,D11
WHAMPOA DR,NOVENA,D11
JLN RAJAH,NOVENA,D11
AH HOOD RD,NOVENA,D11
JLN DUSUN,NOVENA,D11
SMITH ST,OUTRAM,D3
OUTRAM HILL,OUTRAM,D3
OUTRAM PK,OUTRAM,D3
CHIN SWEE RD,OUTRAM,D3
TG PAGAR PLAZA,OUTRAM,D3
JLN KUKOH,OUTRAM,D3
SAGO LANE,OUTRAM,D3
KRETA AYER RD,OUTRAM,D3
UPP CROSS ST,OUTRAM,D3
PASIR RIS ST 12,PASIR RIS,D18
PASIR RIS ST 13,PASIR RIS,D18
PASIR RIS DR 4,PASIR RIS,D18
PASIR RIS DR 3,PASIR RIS,D18
PASIR RIS DR 1,PASIR RIS,D18
PASIR RIS DR 10,PASIR RIS,D18
PASIR RIS ST 72,PASIR RIS,D18
PASIR RIS ST 41,PASIR RIS,D18
PASIR RIS ST 53,PASIR RIS,D18
PASIR RIS ST 11,PASIR RIS,D18
PASIR RIS ST 21,PASIR RIS,D18
ELIAS RD,PASIR RIS,D18
PASIR RIS DR 6,PASIR RIS,D18
PASIR RIS ST 71,PASIR RIS,D18
PASIR RIS ST 52,PASIR RIS,D18
PASIR RIS ST 51,PASIR RIS,D18
PUNGGOL RD,PUNGGOL,D19
PUNGGOL CTRL,PUNGGOL,D19
EDGEFIELD PLAINS,PUNGGOL,D19
PUNGGOL WAY,PUNGGOL,D19
PUNGGOL FIELD,PUNGGOL,D19
SUMANG WALK,PUNGGOL,D19
PUNGGOL WALK,PUNGGOL,D19
SUMANG LANE,PUNGGOL,D19
PUNGGOL PL,PUNGGOL,D19
SUMANG LINK,PUNGGOL,D19
PUNGGOL FIELD WALK,PUNGGOL,D19
EDGEDALE PLAINS,PUNGGOL,D19
PUNGGOL EAST,PUNGGOL,D19
QUEEN'S CL,QUEENSTOWN,D3
GHIM MOH RD,QUEENSTOWN,D3
GHIM MOH LINK,QUEENSTOWN,D3
QUEENSWAY,QUEENSTOWN,D3
WEST COAST RD,QUEENSTOWN,D3
DOVER CRES,QUEENSTOWN,D3
HOLLAND CL,QUEENSTOWN,D3
DAWSON RD,QUEENSTOWN,D3
DOVER RD,QUEENSTOWN,D3
CLARENCE LANE,QUEENSTOWN,D3
STRATHMORE AVE,QUEENSTOWN,D3
C'WEALTH CL,QUEENSTOWN,D3
HOLLAND DR,QUEENSTOWN,D3
C'WEALTH CRES,QUEENSTOWN,D3
TANGLIN HALT RD,QUEENSTOWN,D3
C'WEALTH DR,QUEENSTOWN,D3
KENT RD,QUEENSTOWN,D3
HOLLAND AVE,QUEENSTOWN,D3
DOVER CL EAST,QUEENSTOWN,D3
STIRLING RD,QUEENSTOWN,D3
MEI LING ST,QUEENSTOWN,D3
MARGARET DR,QUEENSTOWN,D3
KELANTAN RD,ROCHOR,D7
WATERLOO ST,ROCHOR,D7
KLANG LANE,ROCHOR,D7
SELEGIE RD,ROCHOR,D7
NTH BRIDGE RD,ROCHOR,D7
VEERASAMY RD,ROCHOR,D7
JLN BERSEH,ROCHOR,D7
QUEEN ST,ROCHOR,D7
SHORT ST,ROCHOR,D7
BUFFALO RD,ROCHOR,D7
CHANDER RD,ROCHOR,D7
ROCHOR RD,ROCHOR,D7
ROWELL RD,ROCHOR,D7
PUNGGOL DR,SELETAR,D28
CANBERRA VIEW,SEMBAWANG,D27
CANBERRA CRES,SEMBAWANG,D27
ADMIRALTY DR,SEMBAWANG,D27
CANBERRA LINK,SEMBAWANG,D27
MONTREAL LINK,SEMBAWANG,D27
ADMIRALTY LINK,SEMBAWANG,D27
SEMBAWANG VISTA,SEMBAWANG,D27
CANBERRA WALK,SEMBAWANG,D27
CANBERRA ST,SEMBAWANG,D27
MONTREAL DR,SEMBAWANG,D27
SEMBAWANG WAY,SEMBAWANG,D27
CANBERRA RD,SEMBAWANG,D27
SEMBAWANG DR,SEMBAWANG,D27
WELLINGTON CIRCLE,SEMBAWANG,D27
SEMBAWANG CRES,SEMBAWANG,D27
SEMBAWANG CL,SEMBAWANG,D27
SELETAR WEST FARMWAY 6,SENGKANG,D19
JLN KAYU,SENGKANG,D19
SENGKANG WEST AVE,SENGKANG,D19
SENGKANG WEST WAY,SENGKANG,D19
COMPASSVALE BOW,SENGKANG,D19
ANCHORVALE CRES,SENGKANG,D19
SENGKANG CTRL,SENGKANG,D19
SENGKANG EAST RD,SENGKANG,D19
RIVERVALE WALK,SENGKANG,D19
FERNVALE RD,SENGKANG,D19
ANCHORVALE LINK,SENGKANG,D19
COMPASSVALE RD,SENGKANG,D19
SENGKANG WEST RD,SENGKANG,D19
FERNVALE ST,SENGKANG,D19
COMPASSVALE CRES,SENGKANG,D19
FERNVALE LINK,SENGKANG,D19
SENGKANG EAST WAY,SENGKANG,D19
COMPASSVALE WALK,SENGKANG,D19
ANCHORVALE ST,SENGKANG,D19
COMPASSVALE DR,SENGKANG,D19
RIVERVALE DR,SENGKANG,D19
SENGKANG EAST AVE,SENGKANG,D19
RIVERVALE CRES,SENGKANG,D19
COMPASSVALE LINK,SENGKANG,D19
JLN PASAR BARU,SENGKANG,D19
FERNVALE LANE,SENGKANG,D19
COMPASSVALE ST,SENGKANG,D19
COMPASSVALE LANE,SENGKANG,D19
RIVERVALE ST,SENGKANG,D19
ANCHORVALE RD,SENGKANG,D19
ANCHORVALE LANE,SENGKANG,D19
ANCHORVALE DR,SENGKANG,D19
SERANGOON AVE 3,SERANGOON,D12
SERANGOON CTRL,SERANGOON,D12
SERANGOON AVE 1,SERANGOON,D12
LOR LEW LIAN,SERANGOON,D12
SERANGOON CTRL DR,SERANGOON,D12
SERANGOON NTH AVE 1,SERANGOON,D12
SERANGOON NTH AVE 3,SERANGOON,D12
SERANGOON AVE 2,SERANGOON,D12
ANG MO KIO AVE 5,ANG MO KIO,D20
SERANGOON AVE 4,SERANGOON,D12
SERANGOON NTH AVE 2,SERANGOON,D12
SERANGOON NTH AVE 4,SERANGOON,D12
TAMPINES AVE 7,TAMPINES,D18
TAMPINES ST 82,TAMPINES,D18
TAMPINES ST 34,TAMPINES,D18
TAMPINES ST 42,TAMPINES,D18
TAMPINES CTRL 8,TAMPINES,D18
TAMPINES ST 44,TAMPINES,D18
SIMEI ST 4,TAMPINES,D18
TAMPINES ST 23,TAMPINES,D18
TAMPINES ST 83,TAMPINES,D18
SIMEI LANE,TAMPINES,D18
TAMPINES ST 12,TAMPINES,D18
TAMPINES AVE 8,TAMPINES,D18
TAMPINES ST 32,TAMPINES,D18
TAMPINES ST 11,TAMPINES,D18
TAMPINES ST 21,TAMPINES,D18
TAMPINES AVE 9,TAMPINES,D18
TAMPINES AVE 1,TAMPINES,D18
TAMPINES ST 61,TAMPINES,D18
TAMPINES ST 22,TAMPINES,D18
TAMPINES ST 72,TAMPINES,D18
TAMPINES ST 43,TAMPINES,D18
SIMEI ST 2,TAMPINES,D18
SIMEI ST 5,TAMPINES,D18
SIMEI ST 1,TAMPINES,D18
TAMPINES ST 86,TAMPINES,D18
TAMPINES NTH DR 1,TAMPINES,D18
TAMPINES CTRL 7,TAMPINES,D18
TAMPINES ST 33,TAMPINES,D18
TAMPINES ST 45,TAMPINES,D18
TAMPINES ST 24,TAMPINES,D18
TAMPINES ST 41,TAMPINES,D18
TAMPINES ST 84,TAMPINES,D18
TAMPINES ST 71,TAMPINES,D18
TAMPINES ST 91,TAMPINES,D18
TAMPINES ST 81,TAMPINES,D18
TAMPINES AVE 5,TAMPINES,D18
TAMPINES CTRL 1,TAMPINES,D18
TAMPINES AVE 4,TAMPINES,D18
SIMEI RD,TAMPINES,D18
HAVELOCK RD,TANGLIN,D10
FARRER RD,TANGLIN,D10
LOR 1A TOA PAYOH,TOA PAYOH,D12
KIM KEAT AVE,TOA PAYOH,D12
ALKAFF CRES,TOA PAYOH,D12
LOR 5 TOA PAYOH,TOA PAYOH,D12
LOR 1 TOA PAYOH,TOA PAYOH,D12
LOR 8 TOA PAYOH,TOA PAYOH,D12
TOA PAYOH NTH,TOA PAYOH,D12
POTONG PASIR AVE 2,TOA PAYOH,D12
JOO SENG RD,TOA PAYOH,D12
TOA PAYOH EAST,TOA PAYOH,D12
LOR 6 TOA PAYOH,TOA PAYOH,D12
BIDADARI PK DR,TOA PAYOH,D12
LOR 7 TOA PAYOH,TOA PAYOH,D12
LOR 3 TOA PAYOH,TOA PAYOH,D12
LOR 2 TOA PAYOH,TOA PAYOH,D12
LOR 4 TOA PAYOH,TOA PAYOH,D12
UPP ALJUNIED LANE,TOA PAYOH,D12
TOA PAYOH CTRL,TOA PAYOH,D12
POTONG PASIR AVE 1,TOA PAYOH,D12
KIM KEAT LINK,TOA PAYOH,D12
POTONG PASIR AVE 3,TOA PAYOH,D12
LIM CHU KANG RD,LIM CHU KANG,D24
MARSILING DR,WOODLANDS,D25
WOODLANDS RISE,WOODLANDS,D25
WOODLANDS ST 11,WOODLANDS,D25
WOODLANDS AVE 4,WOODLANDS,D25
MARSILING CRES,WOODLANDS,D25
WOODLANDS DR 53,WOODLANDS,D25
WOODLANDS ST 83,WOODLANDS,D25
WOODLANDS AVE 5,WOODLANDS,D25
WOODLANDS DR 42,WOODLANDS,D25
WOODLANDS ST 41,WOODLANDS,D25
WOODLANDS DR 62,WOODLANDS,D25
WOODLANDS DR 44,WOODLANDS,D25
WOODLANDS DR 60,WOODLANDS,D25
WOODLANDS AVE 3,WOODLANDS,D25
WOODLANDS CIRCLE,WOODLANDS,D25
WOODLANDS CTR RD,WOODLANDS,D25
WOODLANDS ST 31,WOODLANDS,D25
WOODLANDS AVE 6,WOODLANDS,D25
WOODLANDS DR 50,WOODLANDS,D25
WOODLANDS ST 13,WOODLANDS,D25
MARSILING RISE,WOODLANDS,D25
WOODLANDS CRES,WOODLANDS,D25
WOODLANDS AVE 9,WOODLANDS,D25
WOODLANDS DR 71,WOODLANDS,D25
WOODLANDS DR 52,WOODLANDS,D25
WOODLANDS DR 14,WOODLANDS,D25
MARSILING LANE,WOODLANDS,D25
WOODLANDS DR 70,WOODLANDS,D25
WOODLANDS ST 82,WOODLANDS,D25
WOODLANDS DR 40,WOODLANDS,D25
WOODLANDS AVE 1,WOODLANDS,D25
WOODLANDS ST 81,WOODLANDS,D25
WOODLANDS DR 73,WOODLANDS,D25
WOODLANDS DR 75,WOODLANDS,D25
MARSILING RD,WOODLANDS,D25
WOODLANDS DR 72,WOODLANDS,D25
WOODLANDS RING RD,WOODLANDS,D25
WOODLANDS ST 32,WOODLANDS,D25
WOODLANDS DR 16,WOODLANDS,D25
YISHUN AVE 6,YISHUN,D27
YISHUN ST 43,YISHUN,D27
YISHUN RING RD,YISHUN,D27
YISHUN AVE 3,YISHUN,D27
YISHUN ST 22,YISHUN,D27
YISHUN ST 20,YISHUN,D27
YISHUN ST 41,YISHUN,D27
YISHUN AVE 7,YISHUN,D27
YISHUN ST 51,YISHUN,D27
YISHUN ST 11,YISHUN,D27
YISHUN AVE 9,YISHUN,D27
YISHUN CTRL,YISHUN,D27
YISHUN ST 72,YISHUN,D27
YISHUN ST 44,YISHUN,D27
YISHUN ST 81,YISHUN,D27
YISHUN ST 61,YISHUN,D27
YISHUN AVE 2,YISHUN,D27
YISHUN CTRL 1,YISHUN,D27
YISHUN ST 42,YISHUN,D27
YISHUN AVE 1,YISHUN,D27
YISHUN AVE 4,YISHUN,D27
YISHUN ST 71,YISHUN,D27
YISHUN AVE 11,YISHUN,D27
YISHUN ST 21,YISHUN,D27
YISHUN ST 31,YISHUN,D27
YISHUN AVE 5,YISHUN,D27
